#Bezeichnung,Grad,Ziel,Rw,RD,Auswirkung,Wirkungsdauer,Herkunft,Seite,Probe,Merkmal
#12 SEGNUNGEN,,,,,,,,,,
Eidsegen,I,P,B,G,"Nennung von Gelübde und Strafe, diese tritt bei Eidbruch wirklich ein",LkP* Monate,"Zgk., Angrosch, H'Ranga",WdG 251,,
Feuersegen,I,G,B,S(8),Geschützes Feuer (Kerzenflamme) aus Zeigefinger / Rechtschritt Brennfläche gegen Erlöschen schützen,LkP*x10 KR / x1 Std.,"Zgk., Angrosch, Gravesh",WdG 251,,
Geburtssegen,I,P,B,G,Kind wird bis zum 12. Lebensjahr vor dämonischen Einflüsterungen geschützt,bis zum 12. Lebenjahr,Zgk. (ausser Kor),WdG 252,,
Glückssegen,I,P,B,S(6),Wie bei Vorteil Glück eine Probe wiederholen (Kein der Gottheit entgegengesetztes Talent),LkP* SR,"Zgk., Angrosch",WdG 252,,
Grabsegen,I,P,B,G,"Grab versiegeln und Seelen der Toten in Borons Hallen geleiten, einfach geweihter Boden",permanent,"Zgk., H'Ranga",WdG 252,,
Harmoniesegen,I,P,B,S(12),"Gesegneter wird aufgebaut, MU-/CH-/IN-Proben -LkP*/2, SE +LkP*/2, Schutz vor Einf-/Herr-Zaubern",LkP* SR,"Zgk. (a. Kor), Angrosch",WdG 252,,
Heilungssegen,I,P,B,G,"Regeneriert 3+LkP*/2 LeP, keine Heilung von Wunden, auch bei bis -KO LeP möglich",augenblicklich,"Zgk. (a. K.), Ang., H'Ranga",WdG 253,,
Märtyrersegen,I,G,s,S(4),"Selbstbeherrschung + LkP*/2, keine Erschwernisse durch Wunden/niedrige LE",LkP* SR,universell,WdG 253,,
Märtyrersegen,III,PP,s,S(4),"Selbstbeherrschung + LkP*/2, keine Erschwernisse durch Wunden/niedrige LE",LkP* SR,universell,WdG 253,,
Schutzsegen,I,Z,B,S(10),"Schutzkreis vor bestimmter Art unheiliger Kreaturen, für diese einfach geweiht (z. B. Shruufya, Mumien...)",LkP* SR,universell,WdG 253,,
Schutzsegen,II,Z,B,S(10),"Schutzkreis vor bestimmter Art unheiliger Kreaturen, für diese einfach geweiht (z. B. Shruufya, Mumien...) - zweifach geweiht oder auf ganze Gruppe (z. B. mindere Dämonen, Untote)",LkP* SR,universell,WdG 253,,
Schutzsegen,III,PP,B,S(10),"Schutzkreis vor bestimmter Art unheiliger Kreaturen, für diese einfach geweiht (z. B. Shruufya, Mumien...) - zweifach geweiht und auf ganze Gruppe (z. B. mindere Dämonen, Untote)",LkP* SR,universell,WdG 253,,
Speisesegen,I,PP,B,S(8),"Reinigt Mahlzeit für bis zu LkW Personen, Schutz vor Schmutz und Fäulnis (Krankheiten bis Stufe LkP*/2)",augenblicklich,universell,WdG 253,,
Tranksegen,I,PP,B,S(8),"Reinigt Tagesr. Wasser für LkW Personen, Schutz vor Schmutz und Fäulnis (Krankheiten bis Stufe LkP*/2)",augenblicklich,"Zgk., H'Ranga",WdG 253,,
Weisheitssegen,I,P(G),"s,B",S(15),"Einsicht in göttl. Ordnung, Schutz gegen Irrtümer/Lügen, LkP*/2 auf KL und IN verteilen, MR + LkP*/4",LkP*Std.,universell,WdG 254,,
# UNIVERSELL,,,,,,,,,,
Anathema,V,P,F,Zy,"Verdammter gilt auf geweihtem Boden als Dämon, Ausschluss aus den Hallen Borons",permanent,"Zgk., Angrosch, H'Ranga",WdG 254,,
Exkommunikation,III,P,S,A,"Rechtlicher Ausschluss aus der zwölfgöttlichen Gemeinschaft, passende Bußqueste zur Wiederaufnahme",permanent,"Zgk., Angrosch, H'Ranga",WdG 255,,
Exorzismus,III,P,S(7),S(15),"Treibt niederen dämonischen Diener des Widersachers der Gottheit aus, bei bessessener Person RD=Ze",augenblicklich,"Zgk., Ang., Gravesh, H'R.",WdG 255,,
Exorzismus,IV,P,S(7),S(15),"Treibt gehörnte Dämonen des Widersachers der Gottheit und niedere Dämonen anderer Domänen aus, bei bessessener Person RD=Ze",augenblicklich,"Zgk., Ang., Gravesh, H'R.",WdG 255,,
Exorzismus,V,P,S(7),S(15),"Treibt gehörnte Dämonen anderer Domänen und Unheiligtümer des Widersachers der Gottheit aus, bei bessessener Person RD=Ze",augenblicklich,"Zgk., Ang., Gravesh, H'R.",WdG 255,,
Exorzismus,VI,P,S(7),S(15),"Treibt beliebige Unheiligtümer aus, bei bessessener Person RD=Ze",augenblicklich,"Zgk., Ang., Gravesh, H'R.",WdG 255,,
Göttliche Verständigung,II,G,F,S(10),"Mentaler Ruf von etwa LkP*/2+5 Wörtern an Heimattempel (Tempelvorstehering, weihende Geweihte)",augenblicklich,Zgk. Angrosch,WdG 255,,
Göttliche Verständigung,III,G,F,S(10),"Mentaler Ruf von etwa LkP*+5 Wörter, auch andere namentlich bekannte Geweihte",augenblicklich,Zgk. Angrosch,WdG 255,,
Göttliche Verständigung,IV,G,F,S(10),"Mentaler Ruf von etwa LkP*+10 Wörter, Geweihte beliebiger existierender Tempel",augenblicklich,Zgk. Angrosch,WdG 255,,
Göttliches Zeichen,I,ZZ,S,S(5),"Göttliches Zeichen wird erfleht, alle Anhänger mit Sicht auf Zeichen MU +1",LkP* SR,universell,WdG 255,,
Göttliches Zeichen,III,ZZ,S,S(5),"Erscheinung des heiligen Tieres oder Symbols der Gottheit (jedoch nicht körperlich), alle Anhänger mit Sicht auf Zeichen MU +1",LkP* SR,universell,WdG 255,,
Großer Eidsegen,III,P(+P),B,A,"Eidparteien verpflichten sich auf Einhaltung des Schwures, Bruch: Selbstbeherrschung +LkP*/2+5, Frevler",permanent,"Zgk. (a. Aves), Angrosch",WdG 255,,
Handwerkssegen,II,P,B,G,Mirakel auf andere Person,max.LkP* Tage,universell,WdG 256,,
Heiliger Befehl,II,P,S,S(10),"Person befolgt Befehl, ausser ihr gelingt eine Selbstbeherrschungs-Probe +LkP*/2+5",max.LkP* Tage,universell,WdG 256,,
Indoktrination,IV,P,B,Zy,Weitergabe einer Liturgie an anderen Geweihten,augenblicklich,universell,WdG 256,,
Initiation,II,P,B,A,Person (min. 12 Jahre) wird in Glaubensgemeinschaft aufgenommen,permanent,"Zgk., Angrosch, H'Ranga",WdG 256,,
Konsekration,V,Z,B,Ze/Zy,"Erschafft heligen Boden von etwa 100 Rechtschritt, normalerweise für Einzug der Gottheit in einen Tempel",1 Tag/permanent,universell,WdG 256,,
Objektsegen,I,P,B,G,"Ein Gegenstand oder eine Substanz wird gesegnet (einfach geweiht), max. LkW Liter/großes Lagerfeuer",max. LkP* Tage,universell,WdG 257,,
Objektsegen,II,P,B,G,"Ein Gegenstand oder eine Substanz wird gesegnet (einfach geweiht), max. LkW*3 Liter/3 großes Lagerfeuer",max. LkP* Tage,universell,WdG 257,,
Objektsegen,IV,P,B,Ze/Zy,"Segnung ganzer Gebäude oder komplexer mech. Apparaturen, meist durch mehrere Geweihte",max. LkP* Wochen,universell,WdG 257,,
Objektsegen,V,P,B,Ze/Zy,"Segnung ganzer Gebäude oder komplexer mech. Apparaturen, meist durch mehrere Geweihte",max. LkP* Wochen,universell,WdG 257,,
Objektweihe,II,P,B,Ze,"Ein Gegenstand, ein profanes Objekt oder eine Substanz wird geweiht (einfach), bis 10 Stein Gewicht",LkP* Wochen/perm.,universell,WdG 257,,
Objektweihe,III,P,B,Ze,"Ein Gegenstand, ein profanes Objekt oder eine Substanz wird geweiht (einfach), bis 10 Stein Gewicht - wie Grad II, Grad-I-Liturgie wird gebunden, Auslösung auf den Geweihten, danach entschwindet Weihe",LkP* Wochen/perm.,universell,WdG 257,,
Objektweihe,IV,P,B,Ze,"Ein Gegenstand, ein profanes Objekt oder eine Substanz wird geweiht (einfach), bis 10 Stein Gewicht - wie Grad II, zweifach geweiht / wie Grad III, Grad-II-Liturgie",LkP* Wochen/perm.,universell,WdG 257,,
Objektweihe,V,P,B,Ze,"Ein Gegenstand, ein profanes Objekt oder eine Substanz wird geweiht (einfach), bis 10 Stein Gewicht - wie Grad III, zweifach geweiht, Grad-III-Liturgie / wie Grad II, permanent",LkP* Wochen/perm.,universell,WdG 257,,
Objektweihe,VI,P,B,Ze,"Ein Gegenstand, ein profanes Objekt oder eine Substanz wird geweiht (einfach), bis 10 Stein Gewicht - wie Grad III, zweifach geweiht, Grad-IV-Liturgie",LkP* Wochen/perm.,universell,WdG 257,,
Ordination,IV,P,B,Zy,Seele eines Novizen wird von der Gottheit geprüft und wenn würdig als Priester angenommen,permanent,universell,WdG 257,,
Prophezeiung,I,P(G),"s,B",G,"Eindruck über zukünftig mögliches Geschick der Person, wie Gabe Prophezeien mit LkP*/2",augenblicklich,"Zgk., Angrosch",WdG 258,,
Seelenprüfung,III,P,B,Ze,"Prüfung ob Ziel initiiert oder Gott geweiht ist, unter dem ANATHEMA steht oder an Dämon verpfändet wurde",augenblicklich,"Zgk., Angrosch",WdG 258,,
Auraprüfung,IV,ZZ,B,Ze,"Prüfung ob ein Gebiet oder Objekt profan, göttlich gesegnet oder dämonisch verseucht ist",augenblicklich,"Zgk., Angrosch",WdG 258,,
Grosse Seelenprüfung,V,P,B,Ze,"Prüfung ob Ziel initiiert oder Gott geweiht ist, unter dem ANATHEMA steht oder an Dämon verpfändet wurde, ausserdem Auskunft darüber welcher Gott oder Dämon und den Kreis der Verdammnis",augenblicklich,"Zgk., Angrosch",WdG 258,,
Tiergestalt,III,G,s,G,Verwandlung in heiliges Tier der Gottheit,LkP* Std.,"Zgk. (a. Pr., Ing.)",WdG 258,,
Visionssuche,III,G,s,Ze,"Pro LkP* 1W6 Punkte Entrückung, Gabe Prophezeien mit LkP*+5, danach LkP* Ersch., LkP*x2 AuP",augenblicklich,"Zgk., Angrosch, Kamaluq",WdG 258,,
#PRAIOS,,,,,,,,,,
Arcanum Interdictum,VI,ZZ,S,Ze,"Erschafft Zone in der Magie aufgehoben wird und keine neue gewirkt werden kann, zweifach geweiht",bis zum 1. Praios,Praios,WdG 258,,
Blendstrahl aus Alveran,I,P,S,S(2),"Person wird geblendet, Talent-, Zauber- und Fk.-Pr. +LkP*/2, AT/PA gleichmäßig -LkP*/2, INI -LkP*/2",LkP* KR,Praios,WdG 259,,
Daradors Bann der Schatten,IV,Z,B,A,"Alle Schatten werden aufgehoben, Schwächung mag. Lichtmanipulation (ZfP* -LkP*+10)",LkP* Std.,Praios,WdG 259,,
Daradors prüfender Blick,III,G,S,G,Geweihte erkennt sämtliche für sie nun farbig schimmernden Illusionen,min. 1 SR,"He., H'S., Pr., Ph., Nan., Ta.",WdG 270,,
Des Herren Goldener Mittag (Weisung des Himmels),I,G,s,G,Geweihter hat untrügliches Gefühl für eine Himmelsrichtung,LkP* SR,"Fi., If., Hw., Pr., Eff., Av., Sw.",WdG 271,,
Garafans Gleisende Schwingen,V,P,F,Ze,"Ruft Greifen herbei (benötigt einige Zeit), der dem Geweihten so lange wie er es für nötig hält zur Seite steht",unterschiedlich,Praios,WdG 259,,
Gilborns heilige Aura,III,G,s,G,"Schutz vor Zaubern/Ritualen der Merkm. Eign, Einf, Form, Herr und Scha, ZfP* -LkP*+5, keine Flächenz.",LkP* SR,"Hesinde, H'S., Pr., Tairach",WdG 269,,
Goldene Rüstung,II,G,B,S(10),"Aureole um Geweihten, Angriff: MU +LkP*/2, Erschwernisse: AT +LkP*/2, FK +LkP*, Zauber +LkP*/2",LkP*x10 KR,Praios,WdG 259,,
Heiliger Lehnseid,II,P+P,B,G,"Variante des EIDSEGENS (zwölf Segnungen), Parteien verpflichten sich zu Sorgepflicht/Untertanentreue",LkP* Monate,Praios,WdG 251,,
Innere Ruhe,I,G,B,S(8),"Einflüsse auf geistige Urteilsfähigkeit werden ignoriert, Selbstbeherrschung +LkP*/2, alle SE -LkP*/2",LkP* SR,Praios,WdG 259,,
Licht des Herrn,III,Z,S,G,"Umgebung wird durch Licht aus Hand des Geweihten erleuchtet, magische Dunkelheit wird gebrochen",LkP* SR,Praios,WdG 259,,
Praios' Magiebann,IV,Z,F,G,"Taucht Umg. in Licht, in dem Magie aufgehoben wird und keine neue gewirkt werden kann, zweifach gew.",LkP* SR,"Praios, Kamaluq",WdG 259,,
Praios' Mahnung,III,P,B,G,"Der Person wird eine der 'Gaben' des Praios entzogen (Licht, Wahrheit oder Ordnung)",LkP* SR,Praios,WdG 260,,
Purgation,III,P,B,Zy,"LkP*+5 werden von perm. im Artefakt gespeicherten AsP abgezogen, was die Wirkung einschränkt/aufhebt",augenblicklich,"P., R., H., I., H'S., Ka., Ta.",WdG 260,,
Purgation,V,P,B,Zy,"Dem Magier wird permanent sämtliche Astralkraft ausgebrannt, er gilt forthin als Nichtzauberer",augenblicklich,"P., R., H., I., H'S., Ka., Ta.",WdG 260,,
Sankt Gilborns Bannfluch,V,P(Z),S,G,"Schwächt Zauber/Rituale der Merkmale Eign, Einf, Form, Herr, Illu, Objk und Umwt, ZfP* -LkP*+15",LkP* Std.,"Hesinde, Praios",WdG 269,,
#Sicht auf Madas Welt II siehe Hesinde 270,,,,,,,,,,
Ucuris Geleit,II,G,s,G,"Heller Schein umspielt die Augen, Blitzen und Funkeln zeigt Richtung zum nächsten Tempel/Geweihten",LkP* SR,Praios,WdG 260,,
Urischars ordnender Blick,III,G,S,A,Geweihter erkennt in System eine Ordnung oder kann bestimmte Objekte katalogisieren (bis +7 erschwert),augenblicklich,"Praios, Nandus",WdG 260,,
Vertreibung des Dunkelsinns,IV,P,B,Ze,"Hebt (nicht perm.) Hexenflüche, zeitweilige Senkung geistiger Eigenschaften oder Erhöhung von SE auf",augenblicklich,"Praios, Hesinde",WdG 261,,
Vertreibung des Dunkelsinns,V,P,B,Ze,"Hebt (nicht perm.) Hexenflüche, zeitweilige Senkung geistiger Eigenschaften oder Erhöhung von SE auf - auch Druidenrituale und permanente Hexenflüche können gebrochen werden",augenblicklich,"Praios, Hesinde",WdG 261,,
Wille zur Wahrheit,IV,PPP,S,A,"Zuhörer: Überreden (Lügen)-Pr. +LkP*+10, vor anderen ungesetzlichen Handlungen Selbstb. +LkP*+10",LkP* SR,Praios,WdG 261,,
Wort der Wahrheit (Heiliger Befehl),II,P,S,S(10),"Person befolgt Befehl, ausser ihr gelingt eine Selbstbeherrschungs-Probe +LkP*/2+5",max.LkP* Tage,universell,WdG 256,,
Zerschmetternder Bannstrahl,V,P,S,S(10),"Bannstrahl trifft Opfer, unheilige Wesen zerfallen zu Staub, Paktierer erleiden LkP*+15 SP, Verlust aller AsP",augenblicklich,"Praios, Kamaluq",WdG 261,,
#RONDRA,,,,,,,,,,
Achmad'ayan ankhrella al'nurach Shaitanim,VI,PPPP,F,Ze,Die Rondra-Kirche wird in den Kriegszustand versetzt,augenblicklich,Rondra,WdG 261,,
Ehrenhafter Zweikampf,II,P+P,S,S(10),"Zwingt Gegenüber und alle Eingreifenden zu ehrenhaftem Zweikampf, Verstoß mit Selbstb. +LkP*/2+5",LkP*x10 KR,Rondra,WdG 261,,
Großer Weihesegen der Waffe,VI,PPP,S,G,Sämtliche Waffen des Heeres werden geweiht (siehe OBJEKTWEIHE (universelle Liturgien)),max. LkP* Tage,Rondra,WdG 261,,
#Purgation III siehe Praios 260,,,,,,,,,,
Rondras Hochzeit,IV,ZZ,F,G,Zug der Wolken wird verändert wodurch Einfluss auf das Wetter genommen werden kann,LkP* Std.,Rondra,WdG 262,,
Rondras wundersame Rüstung,V,G,s,S(12),"Der Träger hat keine Schadensauswirkungen (auch neg. LE, KO), nach Ablegen brechen alle Wunden auf",max. LkP* Std.,Rondra,WdG 262,,
Segen der heiligen Adrare,IV,G,s,S(12),"Das heilige Schwert Armalion wird herbeigerufen, 2 AT und PA pro KR, 2W20+10 SP","max, LkP* Std.",Rondra,WdG 262,,
Segen des Heiligen Hlûthar,IV,PPP,F,G,"wie SEGNUNG DER STÄHLERNEN STIRN, ganzes Heer, nur LkP*/2 Punkte zum Ausgleich anfallender MU-Proben",max. LkP* Std.,Rondra,WdG 262,,
Segnung der Schlacht,V,PPP,F,G,"Sämtliche Kämpfer der Schlacht kämpfen rondragefällig, unheilige Wesen sind dagegen immun",max. LkP* Std.,Rondra,WdG 262,,
Segnung der stählernen Stirn,I,P,B,G,"Gesegneter fühlt sich ermutigt, meiste MU-Proben können ignoriert werden, bei besonderen -LkP*/2",max. LkP* Std.,Rondra,WdG 262,,
Thalionmels Schlachtgesang,III,G,s,S(7),"Wunden werden ignoriert, keine Patzer, AT +LkP*/2, bis zu -LkP*x10 LeP, keine Aufstufung möglich",max. LkP* SR,Rondra,WdG 262,,
#EFFERD,,,,,,,,,,
Anrufung der Winde,II,Z,S,G,"Geweihter kann Strömungen des Windes leiten, in geschlossenen Räumen +3, unterirdisch +7",,"Efferd, Swafnir",WdG 262,,
Anrufung der Winde,III,Z,S,G,"Geweihter kann Winde erwecken, verstärken oder abschwächen, in geschlossenen Räumen +3, unterirdisch +7",,"Efferd, Swafnir",WdG 262,,
Belemans Hochzeit,IV,ZZZ,S,G,"Geweihter kann Wolken lenken, d. h. das Wetter beeinfl., kann kleinere Stürme erschaffen/abflauen lassen, in geschlossenen Räumen +3, unterirdisch +7",,"Efferd, Swafnir",WdG 262,,
Weihegesang der Heiligen Elida von Salza,V,ZZZ,S,G,"Geweihter kann orkanartige Stürme aufpeitschen oder besänftigen und diese lenken, in geschlossenen Räumen +3, unterirdisch +7",,"Efferd, Swafnir",WdG 262,,
Anrufung Nviannas,III,ZZZ,S,A,"Erschafft oder tilgt eine große, dichte Nebelfront, die sich in beliebiger Richtung ausbreitet",LkP* Std.,"Efferd, Swafnir",WdG 263,,
Azilas Quellgesang,III,Z,B,Ze,"Ein Aquamarin wird eingegraben, woraufhin an dieser Stelle eine Quelle entspringt, Stein wird verbraucht",LkP* Std.,Efferd,WdG 263,,
Begehen der heiligen Wasser,III,G,s,A,"Geweihter kann langsam vorwärts auf Wasser gehen, bei starkem Wellengang schwierig bis unmöglich",LkP* SR,Efferd,WdG 263,,
Bootssegen,III,PP,B,A,Der Segen wappnet Boot und Mannschaft gegen Frevler Efferds (MU +2 bei Anrufung Efferds),permanent,"Efferd, Swafnir",WdG 263,,
Schiffssegen,IV,PP,B,Ze,Der Segen wappnet mehrmastige Wasserfahrzeuge und Mannschaft gegen Frevler Efferds (MU +2 bei Anrufung Efferds),permanent,"Efferd, Swafnir",WdG 263,,
Efferdsegen,III,ZZZ,S,A/Ze,Innerhalb der nächsten Tage Regen über den Feldern,LkP* Tage,Efferd,WdG 263,,
Gesang der Delphine,II,P(G),"s,B",G,"Aquamarin, Koralle oder Perle werden unter Zunge gelegt, ermöglicht Empathie mit Meerestieren",LkP* Std.,"Efferd, Swafnir",WdG 263,,
Gesegneter Fang,II,P,B,G,"Höhere Fangausbeute beim Fischfang auf dem Meer, auf jeden Fall essbar",,Efferd,,,
#Gleichklang des Geistes I siehe Peraine 263,,,,,,,,,,
Gruß des Versunkenen,IV,Z,s,G,"Der Raum, in dem sich kein Feuer befinden darf, füllt sich mit Atemluft",LkP* Std.,Efferd,WdG 263,,
Hashnabiths Flehen,II,G,s,G,"Der Priester findet einen direkten, gangbaren Weg zur nächsten Wasserquelle",LkP* Std.,"Efferd, Aves",WdG 264,,
Mannschaftssegen,III,PPP,B,A,"MU der Mannschaft ~ +LkP*/4 (je nach Ausgestaltung), alle für Schifffahrt relevanten Proben -LkP*/2",LkP* Tage,"Efferd, Swafnir",WdG 264,,
Quellsegen,III,P,B,A,"Verhindert, dass die Quelle versiegt, Krankheiten (Stufe < LkP*/2) nisten sich nicht ein, Bruch durch Frevel",LkP* Wochen,Efferd,WdG 264,,
Ruf der Gefährten,II,P,F,G,"Ein Delphin nähert sich dem Priester schnellstmöglich, kann in Not retten, Weg weisen o. ä.",augenblicklich,"Efferd, Swafnir",WdG 264,,
Ruf der Gefährten,IV,P,F,G,"Eine ganze Delphinschule nähert sich dem Priester schnellstmöglich, kann in Not retten, Weg weisen o. ä.",augenblicklich,"Efferd, Swafnir",WdG 264,,
Segen des Plättlings,II,P,B,G,Verwandelt bis zu 100 Maß (80 Liter) Salzwasser in Trinkwasser,augenblicklich,"Efferd, Swafnir",WdG 264,,
Swafnirs Fluke,V,ZZZ,S,A,"Wasserfläche kann aufgepeitscht oder beruhigt werden, fast jedes noch so große Schiff ist hilflos ausgeliefert",LkP* Std.,"Efferd, Swafnir",WdG 264,,
#Weisung des Himmels I siehe Firun 271,,,,,,,,,,
#TRAVIA,,,,,,,,,,
#Der Gänsemutter warmes Nest II Entspricht ZUFLUCHT FINDEN (Firun) 271,,,,,,,,,,
#Dythlinds Wandeln im Feuer II Entspricht dem VERTRAUTEN DER FLAMME (Ingerimm) 279,,,,,,,,,,
#Freundliche Aufnahme III siehe Aves 282,,,,,,,,,,
Gemeinschaft der treuen Gefährten,II,P+P,B,Zy,"Eine Woche sind Tier und Besitzer immer beisammen, täglich Essen von der Priesterin, LO +LkP*/2+5",LkP* Monate,"Travia, Ifirn, Aves",WdG 264,,
#Geteiltes Leid II siehe Ifirn 284,,,,,,,,,,
Große Weihe des Heimsteins,VI,Z,B,Zy,"Schützt Neubau oder Platz gegen Zerstörung durch Naturgewalten, nicht in besonderem Gefahrengebiet",permanent,Travia,WdG 265,,
Großer Speisesegen,III,P,B,G,"Entfernt jegliche Krankheitsübertrager, Giftstoffe etc. aus den Speisen und Getränken der Tafel",augenblicklich,"Travia, Peraine",WdG 265,,
Hausfrieden,III,Z,S,G,"Keine Kampfhandlungen möglich, Widerstand mit Selbstbeherrschungs-Probe +LkP*+5 (Eidbrecher)",LkP* Std.,Travia,WdG 265,,
Kleine Segnung des Heimsteins,II,G,B,Ze,"Die Priesterin spürt in welcher Richtung sich der Stein befindet, ein Stein pro Liturgiekenntnispunkt",permanent,Travia,WdG 265,,
#Lohn der Unverzagten II siehe Peraine 277,,,,,,,,,,
Reisesegen,II,P,B,A,"Reisender kann LkP*/2+5 Punkte auf Orient., Wildnisl., Menschenk., Überr., Ledera. und Schn. verteilen",LkP* Tage,"Travia, Aves",WdG 265,,
Großer Reisesegen,III,P,B,A,"Reisender kann LkP*/2+5 Punkte auf Orient., Wildnisl., Menschenk., Überr., Ledera. und Schn. verteilen, zusätzlich Vorteil Vom Schicksal begünstigt, rettet also aus einer lebensbedrohlichen Situation",LkP* Tage,"Travia, Aves",WdG 265,,
Segen des Heiligen Badilak III Entspricht dem SEGEN DER HEILIGEN NOIONA (Boron) 268,,,,,,,,,,
Segnung des Heimes,III,PPP,S,A,"Im Bereich (LkW Schr. Radius) hält sich j. denkende Wesen an T. Gesetze, Bruch mit Selbstb.-Pr. +LkP*+5",LkP* Wochen,Travia,WdG 265,,
#Speisung der Bedürftigen I siehe Peraine 277,,,,,,,,,,
Speisung der hungernden Seelen,II,PP,B,G,"Priesterin erschafft Essen für LkP*/2+5 Personen, muss traviagefällig mit jedem Hungernden geteilt werden",augenblicklich,Travia,WdG 265,,
#Traviabund III Entspricht EIDSEGEN (zwölf Segnungen) / GROSSER EIDSEGEN (universelle Liturgien) 251,,,,,,,,,,
Travias Gebet der sicheren Zuflucht,V,Z,B,G,Erschafft unbewegliche Schutzkuppel vor Umwelteinflüssen und den meisten dämonischen Einflüssen,max. LkW Tage,Travia,WdG 266,,
Das Gebet der verborgenen Halle,VI,ZZ,B,G,"Öffnet Tür in einen warmen Raum, der genug Nahrung für LkW Personen enthält, nur von innen zu öffnen",max. LkW Tage,Travia,WdG 266,,
#Travias Gebet der verborgenen Halle VI Entspricht TRAVIAS GEBET DER SICHEREN ZUFLUCHT Grad VI 266,,,,,,,,,,
Travinians Segen der Schwelle,III,Z,B,G,"Raum hinter der Schwelle kann von unheiligen Kreaturen nicht betreten werden, zweifach geweiht",LkP* Std.,Travia,WdG 266,,
#BORON,,,,,,,,,,
Bannfluch des heiligen Khalid,III,P,S,G,"Segnet durch Berührung mit Weihrauch/Graberde max. LkP*+5 Untote oder ruhelose Seelen, je +2 KaP",augenblicklich,"Boron, Kamaluq",WdG 266,,
#Bishdariels Angesicht II Entspricht der KLEINEN LITURGIE DES HL. NEMEKATH 267,,,,,,,,,,
Bishdariels Auge,II,P,B,G,"Kurzer Einblick in letztes Traumbild des Schlafenden, Schweigepflicht über Inhalt",LkP* SR,"Boron, Nandus",WdG 266,,
Bishdariels Auge,III,P,B,G,"Geweihter kann in Traum des Schläfers reisen, Schweigepflicht über Inhalt - LkP*+5 wie ZfP* in Traumgestalt",LkP* SR,"Boron, Nandus",WdG 266,,
Bishdariels Auge,IV,P,B,G,"Geweihter kann in Traum des Schläfers reisen, Mitnahme anderer möglich, Schweigepflicht über Inhalt - LkP*+10 wie ZfP* in Traumgestalt",LkP* SR,"Boron, Nandus",WdG 266,,
Bishdariels Warnung,III,P,F,Ze,"B. Alptraumges. oder Warnung vor Frevel, keine Reg., nächster Tag alle Proben +3, halbe Entr. des Priesters",LkP* Tage,Boron,WdG 266,,
Borons süße Gnade,IV,P,B,Ze,"Person vergisst best. Zeitraum, Ereignis oder Wissensber. oder erinnert sich an Vergessenes (ZfP* -LkP*+10)",permanent,"Boron, Kamaluq",WdG 267,,
Etilias Gnade,III,P,B,Ze,"Sterbewilliger versinkt in tiefe, visionäre Träume und stirbt spätestens bis zum nächsten Sonnenaufgang",permanent,Boron,WdG 267,,
Marbos Gnade,III,P,B,Ze,"Sterbewilliger versinkt in tiefe, visionäre Träume und stirbt spätestens in LkP*+5 Tagen",permanent,Boron,WdG 267,,
#Etilias Zeit der Meditation I Entspricht RUF ZUR RUHE 268,,,,,,,,,,
Hauch Borons,III,Z,S,G,"Erzeugt Zone absoluter Dunkelheit, magisches Licht wirkt nicht, einfach geweiht",LkP* Std.,Boron,WdG 267,,
Kleine Liturgie des Heiligen Nemekath,II,P,B,G,Träumer kann in seine Erinnerung reisen oder (mag.) verg. Geschenisse nacherleben (ZfP* -LkP*/2+5),LkP* SR,"Boron, Tairach",WdG 267,,
#Kräutersegen des Hl. Nemekath II Entspricht RAHJAS RAUSCHSEGEN (Rahja),WdG 281,,,,,,,,,
#Marbos Geisterblick II Entspricht NEMEKATHS GEISTERBLICK 268,,,,,,,,,,
Marbos Geleit,V,P,B,Ze,"Geweihter geleitet Seele bis vor Uthars Pforte, bei Doppel-20 gelangt Seele des Geweihten nicht zurück",unterschiedlich,Boron,WdG 267,,
#Nemekaths Bannfluch III Entspricht BISHDARIELS WARNUNG 266,,,,,,,,,,
Nemekaths Geisterblick,II,G,s/S,G,Geweihter schliesst Augen und sieht anwesende (nicht manif.) Geister mit denen er sprechen kann ,max. LkP* SR,"Boron, Kamaluq, Tairach",WdG 267,,
Nemekaths Zwiesprache,IV,G,s,Ze,"Geweihter löst Seele vom Körper, er kann sich in der Welt der Geister bewegen und mit Geistern sprechen",LkP* SR,Boron,WdG 267,,
#Noionas Zuspruch III Entspricht SEGEN DER HEILIGEN VELVENYA 268,,,,,,,,,,
Ruf in Borons Arme,II,P,B,G,"Person schläft ein (normale Reg.), Wirkung von Krankh. und Giften setzt aus, Realitätsdichte -LkP*/2+5",LkP* Std.,Boron,WdG 268,,
Ruf in Borons Arme,III,P,S,G,"Person schläft ein (normale Reg.), Wirkung von Krankh. und Giften setzt aus, Realitätsdichte -LkP*/2+5",LkP* Std.,Boron,WdG 268,,
Ruf zur Ruhe,I,P,S,S(12),"Person verliert Bedürfnis zu reden, Bruch mit Selbstbeherrschungs-Pr. +LkP*/2, Geweihter schweigt auch ",max. LkP* Wochen,"Boron, Kamaluq",WdG 268,,
#Salbung der Heiligen Noiona III Entspricht dem EXORZISMUS (universelle Liturgien) 255,,,,,,,,,,
Schlaf des Gesegneten,I,P,B,G,"Zusätzlich LkP*/2 LeP Regeneration, rege Träume und Realitätsdichte -LkP*/2 ",max. LkP* Std.,"Boron, Rahja, Aves",WdG 268,,
Segen der Heiligen Noiona,III,P,B,Zy,"Heilt geistige Krankheit oder Sucht zeitweise, erschwert um Stufe, erl. durch freiw. Heilk. Seele Aufschlag",LkP* Wochen,"Boron, Tr., Rahja, Kamaluq",WdG 268,,
Segen der Heiligen Noiona,IV,P,B,Zy,"Heilt geistige Krankheit oder Sucht zeitweise, erschwert um Stufe, erl. durch freiw. Heilk. Seele Aufschlag",permanent,"Boron, Tr., Rahja, Kamaluq",WdG 268,,
Segen der Heiligen Velvenya,III,P,B,G,"Unterdrückt Ängste und vergleichbare Nachteile, speziell Boron entgegengesetzt, sonst halbe Wirkungsd.",LkP* Tage,Boron,WdG 268,,
Siegel Borons,III,P,B,G,Person schweigt über bestimmtes Wissen,permanent,"Boron, Kamaluq",WdG 268,,
Siegel Borons,IV,P,B,G,Person schweigt über bestimmtes Wissen,permanent,"Boron, Kamaluq",WdG 268,,
Weihe der letzten Ruhestatt,II,Z,B,Weiht,"Grab, zweifach geweiht, Invokationen und nekromantische Rituale +LkP*/2+5, Raub mit MU+TA",permanent,"Boron, Kamaluq",WdG 268,,
#HESINDE,,,,,,,,,,
Argelions Bannende Hand,V,P(Z),S,G,"Schwächt Zauber/Rituale der Merkmale Eign, Einf, Form, Herr, Illu, Objk und Umwt, ZfP* -LkP*+15",LkP* Std.,"Hesinde, Praios",WdG 269,,
Argelions Mantel,III,G,s,G,"Schutz vor Zaubern/Ritualen der Merkm. Eign, Einf, Form, Herr und Scha, ZfP* -LkP*+5, keine Flächenz.",LkP* SR,"Hesinde, H'S., Pr., Tairach",WdG 269,,
Argelions Spiegel,IV,G,s/S,S(2),Wirft jeglichen direkt gegen die Geweihte gewirkten Zauber auf Anwender zurück,LkP* KR,"Hesinde, H'Szint",WdG 269,,
Aura der Form,III,P,B,A,"Visionäre Einblicke auf Besitzer und Nutzung des Gegenstandes, LkP* bestimmen Reichw. und Detailgrad",augenblicklich,"Hesinde, Phex, Nandus",WdG 269,,
#Blick an den klaren Himmel I Entspricht dem STERNE FUNKELN IMMERFORT 275,,,,,,,,,,
Blick der Weberin,III,P,S,A,"Geweihte erkennt Art und Zugehörigkeit der gewirkten Magie, LkP*+5 als ZfP* im Analys (LCD 22)",augenblicklich,"Hesinde, H'Szint, Tairach",WdG 269,,
Canyzeths Weisheit,IV,P,F,A,"Ruft heilige Tafel der Hesinde herbei, KL+1, Leittalente+3, Überreden (Lügen) -1",LkP* Std.,Hesinde,WdG 269,,
#Cereborns Handreichung II Entspricht dem HANDWERKSSEGEN (universelle Liturgien) 256,,,,,,,,,,
#Entzug von Nandus' Gaben II siehe Nandus 284,,,,,,,,,,
#Gift der Erkenntnis II siehe H'Szint 287,,,,,,,,,,
#Hesindes Fingerzeig III Entspricht der BUCHPRÜFUNG (Phex) 274,,,,,,,,,,
Ingalfs Alchimie,IV,P,F,A,"Ruft das Infundibulum, der jedwede Substanz in ihre alchimistischen Bestandteile zerlegen kann",LkP* Std.,Hesinde,WdG 269,,
#Phexens wunders. Verständigung II siehe Phex 275,,,,,,,,,,
#Purgation III siehe Praios 260,,,,,,,,,,
Schlangenstab,II,P,B,S(6),Geweihter wirft Holzstecken auf den Boden der sich in eine schützende Smaragdnatter verwandelt,LkP* SR,"Hesinde, H'Szint",WdG 270,,
Schrifttum ferner Lande,III,G,s,A,"Fremde/Alte Schrift +LkP*+5, auch wenn bis jetzt nicht bekannt, max. LkP* Seiten",augenblicklich,"He., H'Szint, Phex, Nandus",WdG 270,,
Sicht auf Madas Welt,II,G,S,S(15),"Magischer Gegenstand oder Person wird von silbernem Funkeln eingehüllt, zusätzlich emotionale Färbung",augenblicklich,"He., Pr., Nan., H'Sz., Tair.",WdG 270,,
Sprechende Symbole,I,G,s/B,G,Grober Fingerzeig über Bedeutung eines Symbols,augenblicklich,"Hesinde, Nandus",WdG 270,,
Unverstellter Blick,III,G,S,G,Geweihte erkennt sämtliche für sie nun farbig schimmernden Illusionen,min. 1 SR,"He., H'S., Pr., Ph., Nan., Ta.",WdG 270,,
#Versiegeltes Wissen III Entspricht dem GRAUEN SIEGEL (Phex) 274,,,,,,,,,,
#Vertreibung des Dunkelsinns IV siehe Praios 261,,,,,,,,,,
Wandeln in Hesindes Hain,V,G,s,Zy,"Für Werk nötiges Talent steigt um LkP*+15, bei besonders guter Talentprobe evtl. Wirkung wie Grad I Lit.",variabel,"Hesinde, Ingerimm",WdG 270,,
#FIRUN,,,,,,,,,,
Firuns Einsicht,IV,G,F,A,"Firuns Ring ersch. auf Finger des Gew., mit dem er die Nähe von allen Lebewesen in LkP*10 Meilen spürt",LkP* SR,Firun,WdG 271,,
Jagdglück,III,P+P,F,G,"Geweihter stösst auf nächstes geeignetes Beutetier und erhält Gelegenheit, eine Jagd einzuleiten",LkP* Tage,"Firun, Ifirn, Himmelswölfe",WdG 271,,
Jagdglück,IV,P+PP,F,G,"Geweihter stösst auf eine kleine Gruppe geeigneter Beutetiere und erhält Gelegenheit, eine Jagd einzuleiten",LkP* Tage,"Firun, Ifirn, Himmelswölfe",WdG 271,,
Jagdglück,V,P+PPP,F,G,"Geweihter stösst auf eine ganze Herde zur Versorgung eines verhungernden Stammes und erhält Gelegenheit, eine Jagd einzuleiten",LkP* Tage,"Firun, Ifirn, Himmelswölfe",WdG 271,,
Schneesturm/Eissturm,V,ZZ,S,G,"Um Wirkungszentrum herum entsteht Schnee-/Eissturm, 2W6 SP/SR, keine Verfolgung mehr möglich",LkP* SR - LkP* Std.,Firun,WdG 271,,
Sichere Wanderung im Schnee,II,P(G),"s,B",G,"Person kann im tiefsten Schnee und Eis laufen, als ob sie festen Boden unter den Füßen hätte",LkP* Std.,"Firun, Ifirn, Himmelswölfe",WdG 271,,
Sichere Wanderung im Schnee,III,P(G),"s,B",G,"Person kann im tiefsten Schnee und Eis laufen, als ob sie festen Boden unter den Füßen hätte - Hauchdünne Eisflächen wie Brücken, Klettern an Gletscherw. und Eiszapfen wie bei Stein/Bäumen möglich",LkP* Std.,"Firun, Ifirn, Himmelswölfe",WdG 271,,
Trophäe erhalten,II,P,B,A,"Trophäe wird frisch gehalten, um sie später fachgerecht weiterzuverarbeiten",LkP* Tage,"Firun, Ifirn",WdG 271,,
Weisung des Himmels,I,G,s,G,Geweihter hat untrügliches Gefühl für eine Himmelsrichtung,LkP* SR,"Fi., If., Hw., Pr., Eff., Av., Sw.",WdG 271,,
Winterschlaf,IV,P,B,A,"Person wird in Winterschlaf versetzt, keine Nahrung und Atemluft nötig, keine Temperatureinflüsse... ",max. LkP* Monate,"Firun, Ifirn, Himmelswölfe",WdG 271,,
Zuflucht finden,II,G,s/F,G,Geweihter findet zum nächsten sicheren Lagerplatz oder Zufluchtsort ,max. LkP* Std.,"Firun, Ifirn, Tr., Aves, Hw.",WdG 271,,
#TSA,,,,,,,,,,
Aura des Regenbogens,III,Z,B,S(4),"Schutz vor Angriffen, nur mit Selbstb.-Pr. +LkP*+5, Erschw.: AT +LkP*/2, FK +LkP*, zweifach geweiht",LkP* SR,Tsa,WdG 272,,
Eidechsenhaut,III,P(G),"s,B",S(8),"Eidechsenhaut mit RS LkP*/2, danach Häutung, GE, FF -LkP*/2, zu kaum einer Bewegung fähig",LkP* Std. + LkP* SR,"Tsa, Zsahh",WdG 272,,
#Erneuerung des Geborstenen I siehe Ingerimm 278,,,,,,,,,,
Flagge des Regenbogens,III,G+PPP,S,Ze,"Angriffe wie AURA DES REGENBOGENS, Geweihter geschützt, bei Bruch von Friedensverh. Eidbrecher/Frevler",LkP* SR,"Tsa, Zsahh",WdG 272,,
#Gleichklang des Geistes I siehe Peraine 276,,,,,,,,,,
#Haut des Chamäleons III Entspricht dem VERBORGEN WIE DER NEUMOND (Phex) 276,,,,,,,,,,
#Kälbchensegen I siehe Peraine 277,,,,,,,,,,
Kirschblütenregen,II,Z,B,S(4),"Kirschblüten regnen herab, Erschw: FK +LkP*/2+5, AT +LkP*/2",max. LkP*x10 KR,Tsa,WdG 272,,
#Rahjas Freiheit IV siehe Rahja 281,,,,,,,,,,
#Tierempathie II siehe Ifirn 284,,,,,,,,,,
Tsas Ewige Jugend,VI,P,B,Ze,"Alle sechs Monate 2 Wochen Häutung, KL, GE, CH -3, Menschen: Widerw. Aussehen, danach wie 18 Jahre",permanent,"Tsa, Zsahh",WdG 272,,
Tsas Heiliges Lebensgeschenk,V,P,B,Zy,Person erhält LkP*+15 verlorene Punkte Sikaryan zurück,augenblicklich,"Tsa, Peraine",WdG 273,,
Tsas Lebensschutz,IV,P,B,A,"Sterbende wird ins Leben zurückgeholt, danach 1 LeP",augenblicklich,"Tsa, Zsahh",WdG 273,,
Tsas Segensreicher Neuanfang,II,Z,-,G,"Bei Bau von Neuschöpfung Proben erleichtert: Handwerk -(LkP*/2+5), MU -LkP*/2 ",max. LkP* Tage,"Tsa, Ingerimm, Gravesh",WdG 273,,
Tsas Wunderbare Erneuerung,V,P,B,Zy,Fehlendes Körperteil wächst innerhalb Lebensalter des Gesegneten Tagen nach,augenblicklich,"Tsa, Zsahh",WdG 273,,
Tsas Wundersame Fruchtbarkeit,IV,P,B,A,"Bewirkt bes. Zeugungsk., auch im fortg. Alter, Sprössling mit Friedf., Lebensf. oder rev. Geist und Aff. zu Tsa",LkP* Tage,"Tsa, Zsahh, Himmelswölfe",WdG 273,,
Wundersame Blütenpracht,I,Z,S,-,"Während des Liedes erblühen auf durch Prisma bel. Boden pro Strophe LkP*/2 Blumen, einfach geweiht...",LkP* KR,Tsa,WdG 273,,
#Wundsegen II siehe Peraine 278,,,,,,,,,,
#PHEX,,,,,,,,,,
Auge des Händlers,II,Z,S,A,"Inventur des Raumes, keine verschlossenen Beh. oder Geheimverstecke, 6 LkP* flüchtig, 12 LkP* detailliert",augenblicklich,"Phex, Nandus",WdG 273,,
Auge des Mondes,II,G,s,G,"Geweihter erwirbt die Fähigkeit, in der Dunkelheit zu sehen, als ob es heller Tag wäre",LkP* Std./Sonnena.,Phex,WdG 274,,
#Aura der Form III siehe Hesinde 269,,,,,,,,,,
Buchprüfung,III,P,B,A/Ze,"Geweihter kann interessante Stellen in einem Buch aufspüren, passendes Wissenstalent min. 7, evtl. höher",augenblicklich,"Phex, Hesinde, Nandus",WdG 274,,
#Entzug von Nandus' Gaben II siehe Nandus 284,,,,,,,,,,
Graues Siegel,III,P,B,G,"Brief ist nur von einem best. Empfänger lesbar, entschl. mit Sinnens./Kryptog.-Pr., Gesamterschw. LkP*+5",permanent,"Phex, Hesinde, Nandus",WdG 274,,
Graues Siegel,IV,P,B,G,"Brief ist nur von einem ganzen Personenkreis lesbar, entschl. mit Sinnens./Kryptog.-Pr., Gesamterschw. LkP*+5",permanent,"Phex, Hesinde, Nandus",WdG 274,,
Händlersegen,II,P+P,B,G,"Variante des EIDSEGENS (zwölf Segnungen), buchstabengetreue Einhaltung von Vertragsbedingungen",LkP* Monate,Phex,WdG 251,,
#Lug und Trug III Entspricht dem UNVERSTELLTEN BLICK (Hesinde) 270,,,,,,,,,,
Mondsilberzunge,III,G,s,S(8),"Aura der Vertrauenswürdigkeit, Überreden-Bonus +LkP*+5, KL-Pr. des Gesprächspartners +LkP*/2",LkP* SR,"Phex, Aves",WdG 274,,
#Nandus' Schriftkenntnis III Entspricht dem SCHRIFTTUM FERNER LANDE (Hesinde) 270,,,,,,,,,,
Phexens Augenzwinkern,III,P,S,S(5),"Person kann sich nicht an Gesicht des Geweihten erinnern, KL-Pr. +LkP*+5, auch bei mag. Befragung",augenblicklich,Phex,WdG 274,,
Phexens Elsterflug,III,P,B,S(12),"Objekt wird an Himmel gesetzt, verbl. dort max. 1 Jahr, 1 Tag, Rückk. als Sternschn., Bel. o. bleibt bei Phex",LkP* Monate,Phex,WdG 274,,
#Phexens Kunstverstand II Entspricht dem BLICK FÜR DAS HANDWERK (Ingerimm) 278,,,,,,,,,,
Phexens Meisterschlüssel,V,P,B,G,"Mondsilberschlüssel erscheint, öffnet mechanische und meiste magische Schlösser (ZfP* -LkP*+15)",augenblicklich,Phex,WdG 274,,
Phexens Nebelleib,IV,G,s,A,"Geweihter und Ausr. werden zu Nebel, passt d. Ritzen, kann sich v. Wind treiben lassen (Orientierungs-Pr.)",max. LkP* Std.,Phex,WdG 275,,
Phexens Schatten,V,ZZ,F,S(15),"Ruft Phexens Schattenraum herbei, tarnt Bereich, enttarnen mit Sinnenschärfe-Pr. +LkP*+15",LkP* SR,Phex,WdG 275,,
Phexens Sternenwurf,IV,P,s,S(4),"Lässt Wurfstern des Phex erscheinen, trifft immer, 2W20 TP, verletzend gegen Dämonen/Paktierer Tasfarelels",max. LkP*+10 KR,Phex,WdG 275,,
Phexens wunderbare Verständigung,II,G,s,G,"Geweihter kann jegliche Fremdsprache sprechen/verstehen, Sprachen Kennen LkP*/2+5",LkP* Std.,"Phex, Aves, Hes., Nandus",WdG 275,,
Schattenlarve,VI,P,B,Zy,"Maske verleiht Äußeres einer bel. Person (mit Name/vom Ruf bek.), pro Std. Entr. im Wert von geb. pKap",permanent,Phex,WdG 275,,
Sterne funkeln immerfort,I,G,s,G,Geweihter kann selbst durch dichteste Wolken den Stand der Sterne erkennen,LkP* Std.,"Ph., He., Av., Nan., Sw., Tai.",WdG 275,,
Sternenglanz,II,G,B,G,"Objekt erscheint neuer, prächtiger oder auch wertvoller, erkennen mit Sinnenschärfe-Probe +LkP*/2+5",LkP* SR,Phex,WdG 275,,
Sternenspur,II,G,s/B,S(6),Geweihter hinterlässt bis zu LkP*/2+5 für ihn sichtbare Sterne als Markierung auf Objekten,LkP* Std./Sonnena.,"Phex, Aves, Nandus",WdG 275,,
Sternenspur,III,G,s/B,S(6),Geweihter hinterlässt bis zu LkP*/2+5 für alle Diener der Gottheit und 3 weitere Personen sichtbare Sterne als Markierung auf Objekten,LkP* Std./Sonnena.,"Phex, Aves, Nandus",WdG 275,,
Sternenstaub,II,G/P,S,S(10),"Geweihter ist mit blitzendem, wirbelndem Sternenstaub umgeben, Proben: AT +LkP*/2+5, FK +LkP*+5",LkP*x10 KR,Phex,WdG 276,,
Verborgen wie der Neumond,III,G,s,S(8),"Geweihter ist für normale Verfolger nicht bemerkbar, Sinnenschärfe-Proben +LkP*+5",LkP* SR,"Phex, Tsa",WdG 276,,
Weg des Fuchses,I,G,s,S(10),"Geweihter wird durch Hindernisse nicht aufgehalten, sofern der Weg prinzipiell passierbar ist",LkP* SR,"Phex, Aves",WdG 276,,
#PERAINE,,,,,,,,,,
Anrufung der Erdkraft,II,P,B,A,"Kranke fällt in einen Heilschlaf, jede Std. 2 LeP, 1 AsP und Überanstr. -4 bzw Ersch. -8, aufwachen ab 1 SP",LkP* Std.,Peraine,WdG 276,,
Dreifacher Saatsegen,III,ZZ,S,A,"Saat keimt unabhängig von Wettereinflüssen, Wirkung von Zaubern und Dämonenkräften -LkP*+5",permanent,"Peraine, Himmelswölfe",WdG 276,,
Fünfte Lobpreisung des Frühlings,V,P,B,Zy,"Gebrechen gehen auf Maß eines rüstigen Gleichaltrigen zurück, regeneriert verl. LeP (und bis LkP*/2 pLeP)",augenblicklich,"Peraine, Himmelswölfe",WdG 276,,
Fürbitten des Heiligen Therbûn,III,P,B,Zy,"Heilt Krankh. binnen 1 Woche, Probe +Stufe d. K., mag. Fl. wenn ZfP*/RkP* durch LkP*+5 unter 0 ges.",augenblicklich,Peraine,WdG 276,,
Gleichklang des Geistes,I,P,B,G,Momentaner Eindruck von den Gefühlen des Gegenübers,LkP* KR,"Peraine, Rahja, Tsa, Efferd",WdG 276,,
#Große Seelenwaschung III Entspricht dem EXORZISMUS (universelle Liturgien) 255,,,,,,,,,,
#Großer Giftbann III Entspricht dem GROSSEN SPEISESEGEN (Travia) 265,,,,,,,,,,
#Heilige Salbung der Peraine V Entspricht TSAS HEILIGEM LEBENSGESCHENK (Tsa) 273,,,,,,,,,,
Kälbchensegen,I,P,B,G,Nutztier ist immun gegen jede normale Krankheit während es aufwächst,LkP* Wochen,"Peraine, Tsa, Himmelswölfe",WdG 277,,
Kleiner Giftbann,II,P,B,G,"Stoppt Wirkung aller tierischen und pflanzlichen Gifte, deren Stufe kleiner oder gleich den LkP*/2+5 ist",augenblicklich,Peraine,WdG 277,,
Kleiner Giftbann,III,P,B,G,"Stoppt Wirkung aller tierischen und pflanzlichen Gifte, deren Stufe kleiner oder gleich den LkP*/2+5 ist und auch alchimistische und mineralische Gifte, bis zu einer Stufe von LkP*+5",augenblicklich,Peraine,WdG 277,,
Kräftigung d. Schwachen und Vers.,V,P,B,Zy,Permanente Verluste eines Eigenschaftswerts werden rückgängig gemacht,augenblicklich,Peraine (Ilsur),WdG 277,,
Kräftigung d. Schwachen und Vers.,VI,P,B,Zy,Permanente Verluste an mhereren Eigenschaftswerts werden rückgängig gemacht,augenblicklich,Peraine (Ilsur),WdG 277,,
Lohn der Unverzagten,II,G,s,G,KO-Proben gegen Krankheiten sind um LkP*/2+5 Punkte erleichtert,LkP* Tage,"Peraine, Travia (selten)",WdG 277,,
Parinors Vermächtnis,III,P,B,G,Pflanze sprießt in der halben Zeit zu einem Musterexemplar ihrer Gattung heran,permanent,"Peraine, Rahja, Himmelsw.",WdG 277,,
Peraines Pflanzengespür,II,PP,B,G,"Ruft das Digitubulum der Peraine herbei, Geweihte erspürt ob eine Pflanze giftiger oder essbarer Natur ist",LkP* KR,Peraine,WdG 277,,
#Segen der Heiligen Noiona III siehe Boron 268,,,,,,,,,,
Segen der Heiligen Theria,VI,P,B,A,"Ruft den Honinger Tiegel herbei, Kranke wird geheilt, evtl. sogar von unheilbaren Krankheiten",augenblicklich,Peraine (Honingen),WdG 277,,
Segensreiches Wasser,IV,P,F,A,"Ruft den Krug der Heiligen Lindegard herbei, LkP*+10 Tagesr. Wasser, heilt (3x 1W6 LeP/Sikaryan)...",LkP* Stunden,Peraine,WdG 277,,
Speisung der Bedürftigen,I,P,B,G,"Segnet Speise, sehr sättigend, daher nur halbe Menge nötig, danach MU, AU +1, GE -1 für LkP* Stunden",augenblicklich,"Peraine, Travia",WdG 277,,
Therbûns Erkenntnis,I,P,S,G,"Proben zum Erk. der Krankheit, für nötige Beh. und die Kenntnis und Verarb. d. Kräuter um LkP*/2 erl.",augenblicklich,Peraine,WdG 277,,
Wundsegen,II,P,B,G,"Mit Knoblauch behandelte Wunden schliessen sich, Wundbrand wird verhindert",augenblicklich,"Peraine, Tsa, Zsahh",WdG 278,,
Wundsegen,III,P,B,G,"Mit Knoblauch behandelte Wunden schliessen sich, Wundbrand wird verhindert, alle Wunden werden geheilt, Patient regeneriert LkP*+5 LeP",augenblicklich,"Peraine, Tsa, Zsahh",WdG 278,,
Wundsegen,IV,P,B,G,"Mit Knoblauch behandelte Wunden schliessen sich, Wundbrand wird verhindert, alle Wunden, kann abgetr. Gliedmaßen anfügen und zerst. Organe reg. sofern max. 1 Tag her",augenblicklich,"Peraine, Tsa, Zsahh",WdG 278,,
#INGERIMM,,,,,,,,,,
Allmacht der Lohe,II,P,B,A,"Geweihter reibt Zwergenk. in den Händen und streicht über Metall, das heiß wird und sich schmieden lässt",LkP* SR,"Ingerimm, Gravesh, Angr.",WdG 278,,
Blick für das Handwerk,II,P,B,A,"Für eine Probe Schätzen o. ä. um LkP*/2+5 erhöht, Anhaltspunkte über Güte/Echtheit von Erzeugnis",augenblicklich,"Ing., Angr., Phex, Gravesh",WdG 278,,
#Blick in die Flammen III siehe Angrosch 285,,,,,,,,,,
#Eherne Kraft - lodernder Zorn VI siehe Angrosch 285,,,,,,,,,,
Erneuerung des Geborstenen,I,P,B,A,"Repariert beschädigte, leblose Objekte, komplexere bis Grad V, bei Waffen BF um bis zu LkP*/2 senken",augenblicklich,"Ing., Angr., Gravesh, Tsa",WdG 278,,
Gebieter der Lava,V,Z,S,A,Geweihter kann mit Hilfe des Finger Ingerimms Lavaströme in bestimmte Richtungen lenken,LkP* SR,Ingerimm,WdG 278,,
#Goldener Blick III siehe Angrosch 286,,,,,,,,,,
Heilige Schmiedeglut,I,P,B,G,Feuer entwickelt zusätzliche Hitze bis zur Temperatur von Schmiedeglut,LkP* SR,"Ingerimm, Angr., Gravesh",WdG 278,,
Herr über Feuer und Glut,IV,Z,S,S(15),"Brand kann gelenkt werden, Zauber mit Merkmal Elementar (Feuer) wahlweise um LkP*+10 erschwert",LkP* SR,"Ingerimm, Angr., Gravesh",WdG 278,,
Ingerimms Zorn verschone uns,V,ZZZZ+,F,G,"Ruft Stein des Ingerimm herbei, der vor Erdbeben, Vulkanausbrüchen und Feuersbrünsten schützt",LkP* Tage,"Ingerimm, Angr., Gravesh",WdG 278,,
Licht des verborgenen Pfades,II,G,S,G,"Geweihter erkennt in Höhlen und Stollen intuitiv den richtigen Weg zu einem beliebigen, bekannten Ziel",augenblicklich,"Ingerimm, Gravesh, Angr.",WdG 279,,
#Meisterstück V Entspricht WANDELN IN HESINDES HAIN (Hesinde) 270,,,,,,,,,,
#Purgation III siehe Praios 260,,,,,,,,,,
Sicherer Weg durch Fels,IV,G+PP,S,G,"Ruft Heilige Laterne zu Angbar herbei, die anzeigt ob unterirdische Anlagen einsturzgefährdet sind",LkP* Std.,"Ingerimm, Angrosch",WdG 279,,
#Simias Kelch II Entspricht TSAS SEGENSREICHEM NEUANFANG (Tsa) 273,,,,,,,,,,
Unterpfand des Heiligen Rhÿs,IV,P,B,A,Handwerksstück wird von magischen Manipulationen und ungerechtem Handel geschützt,LkP* Monate,Ingerimm,WdG 279,,
Vertrauter der Flamme,II,G,S,S(10),"Geweihter, Kleidung und Ausrüstung gegen Feuerschaden geschützt, nur einmalige, kurzfr. Berührungen",LkP* SR,"Ing., Angr., Gravesh, Tra.",WdG 279,,
Vertrauter der Flamme,III,G,S,S(20),"Geweihter, Kleidung und Ausrüstung gegen Feuerschaden geschützt, auch beim Durchqueren brennender Räume",LkP* SR,"Ing., Angr., Gravesh, Tra.",WdG 279,,
Vertrauter des Felsens,II,G,s,S(10),"Geweihter, Kleidung und Ausrüstung sind vor Steinschlägen und steineren Waffen geschützt",LkP* SR,"Ingerimm, Angrosch",WdG 279,,
Waliburias Wehr,III,Z,S,S(12),"Manif. aus Feuer und Erz zwischen Gew. und Angreifern, INI -LkP*+5, Angriff nur bei MU-Pr. +LkP*+5",augenblicklich,"Ingerimm, Angrosch",WdG 279,,
Weihe der Ewigen Flamme,IV,P,B,A,"Weiht Flamme in der Laterne eines Priesters, so dass sie nicht verlöschen und gegen nat. Einflüsse gefeit sind",1 Jahr,Ingerimm,WdG 280,,
#RAHJA,,,,,,,,,,
Ascandears Hingabe,III,P,B,S(10),"Person wird in Rauschzustand vers., in der ihr Umwelt egal ist, endet durch Schaden oder unheilige Wesen",LkP* Stunden,Rahja,WdG 280,,
Dorlens Verbrüderung,VI,PPP,S,G,"Ruft Liebeslicht von Joborn herbei, Verfeindete sind für LkP* Wochen Freunde, evtl. auch danach",augenblicklich,Rahja,WdG 280,,
#Gleichklang des Geistes I siehe Peraine 276,,,,,,,,,,
#Hauch der Leidenschaft I Entspricht dem HANDWERKSSEGEN (universelle Liturgien) 256,,,,,,,,,,
Heiliges Liebesspiel,II,P+P,B,G,"Geschlechtliche Verbindung schenkt Liebenden höchste Erfüllung, Betören steigt um LkP*/2+5 Punkte",LkP* Stunden,Rahja,WdG 280,,
Khablas Jugend,III,P(G),"s,B",Ze,"Person altert äusserlich deutlich langsamer, fühlt sich frischer und kräftiger, nur 1x pro Jahr und Person",LkP* Monate,Rahja,WdG 280,,
Khablas Jugend,IV,P(G),"s,B",Ze,"Person altert äusserlich deutlich langsamer, fühlt sich frischer und kräftiger, nur 1x pro Jahr und Person - verjüngt Person äusserlich um LkP*+10 Jahre",permanent,Rahja,WdG 280,,
Khablas makelloser Leib,V,P,B,Ze,"Narben, geringfügige Verstümmelungen und ähnliches verschwinden, Körper erhält ursprünglichen Zustand",permanent,Rahja,WdG 280,,
Khablas makelloser Leib,VI,P,B,Ze,"Narben, geringfügige Verstümmelungen und ähnliches verschwinden, Körper erhält ursprünglichen Zustand - Aussehen der Person verbessert sich um eine Stufe",permanent,Rahja,WdG 280,,
Levthans Feuer,III,P,S,G,"Lenkt Aufm. der Person auf ein Ziel, dem sie sich bis zur Ersch. widmet, Verh. mit Selbstb.-Pr. +LkP*+5",LkP* Stunden,Rahja,WdG 280,,
Rahjalinas Kuss,IV,P,B,A,"Geweihte kann in Träume der Patientin eindringen und ihr beistehen, LkP*+10 als ZfP* Traumgestalt",LkP* SR,Rahja,WdG 280,,
#Rahjalinas Weinranke III Entspricht PARINORS VERMÄCHTNIS (Peraine) 277,,,,,,,,,,
#Rahjas Erquickung I Entspricht dem SCHLAF DER GESEGNETEN (Boron) 268,,,,,,,,,,
Rahjas Fest der Freude,III,Z,S,G,"Fest wird perfekt, SE von Anwesenden -LkP*+5, Aggr. Handlungen nur mit Selbstbeh.-Pr. +LkP*+5",LkP* Stunden,Rahja,WdG 281,,
Rahjas Freiheit,IV,P,B,A,"Gesegneten wird 'Fessel' genommen (körperlich, geistig oder seelisch), auch Beherrschungsz. (-LkP*+10)",augenblicklich,"Rahja, Tsa, Aves",WdG 281,,
Rahjas geheiligter Wein,IV,P,F/B,A,"Ruft Kelch der Rahja herbei, der Flüssigkeiten in göttingefälligen Tharf verwandeln kann",augenblicklich,Rahja,WdG 281,,
#Rahjas heitere Gelassenheit III Entspricht dem SEGEN DER HEILIGEN NOIONA (Boron) 268,,,,,,,,,,
Rahjas Rauschsegen,II,P,B,G,"Verst. bewusstseinserw. Wirkung v. Rauschm., Sinneseindr. klarer und bleiben im Gedächtnis, verh. Nebenw.",LkP* SR,"Rahja, Boron",WdG 281,,
Rahjas Schoß,IV,"G,P",B,A,"Ruft Levthansband für Andacht herbei, IN +LkP*/2+5, Betören, Menschenk. und Sinnens. +LkP*+10",LkP* Tage,Rahja,WdG 281,,
Rahjas Sinnlichkeit,VI,P(G),"s,B",G,"Person ist körperlich unverwundbar, erlebt Sinneseindrücke verstärkt, danach Geweihte AuP -erl. SP",LkP* SR,Rahja,WdG 281,,
Reichung des Amethyst,I,P,B,G,"Kelch mit Wein und Amethyst befreit Person von Rausch, Giftwirkung von Drogen nur mit Aufstufung",augenblicklich,Rahja,WdG 281,,
Sulvas Gnade,II,G+P,s/S,G,"Erhöht bei Pferd Reiten-TaW um LkP*/2+5, simple Verständigung mit Pferd möglich",LkP* Stunden,"Rahja, Aves",WdG 281,,
#Bezeichnung Grad Ziel Rw RD Auswirkung WD Herkunft Seite,,,,,,,,,,
#AVES,,,,,,,,,,
Aller Welt Freund,IV,G,,,,,,,,
Am Busen der Natur (Zuflucht finden),II,G,,,,,,,,
Ein Freund in Zeiten der Not,IV,G,,,,,,,,
Freundliche Aufnahme,III,G,,,,,,,,
Frieden der Melodie,I,Z,,,,,,,,
#Gemeinschaft der treuen Gefährten II siehe Travia
#Großer Reisesegen,III,P,,,,,,,, DUP
Hashnabiths flehen,II,G,,,,,,,,
Hilfe in der Not,II,G,,,,,,,,
Nimmermüde Wanderschaft,II,P,,,,,,,,
#Phexens wunderbare Verständigung II siehe PHEX
#Mondsilberzunge III siehe PHEX
#Rahjas Freiheit,IV, siehe RAHJA 281
#Reisesegen,II,P,,,,,,,, DUP
#Schlaf des Gesegneten,I,P,,,,,,,, DUP
#Sterne funkeln immerfort,I,G,,,,,,,,
Sternenspur,II,G,,,,,,,,
Sulvas Gnade,II,G+P,,,,,,,,
Über die Wolken,V,G,,,,,,,,
Weg des Fuchses,I,G,,,,,,,,
Weisung des Himmels,I,G,,,,,,,,
#KOR,,,,,,,,,,
Das schwarze Fell durch das rote Blut,II,G,,,,,,,,
Großer Weihesegen der Waffe,VI,PPP,,,,,,,,
Neun Streiche in Einem,I,G,,,,,,,,
#NANDUS,,,,,,,,,,
Auge des Händlers,II,Z,,,,,,,,
Aura der Form,III,P,,,,,,,,
Bishdariels Auge,II,P,,,,,,,,
Ein Bild für die Ewigkeit,II,G,,,,,,,,
Entzug von Nandus' Gaben,II,P,,,,,,,,
Hesindes Fingerzeig,III,P,,,,,,,,
Hoftag der Sprachen,IV,G+PP,,,,,,,,
Nandus Schriftkenntnis (Schrifttum ferner Lande),III,G,,,,,,,,
#Phexens wunderbare Verständigung II siehe PHEX
#Sicht auf Madas Welt siehe Hesinde
Sprechende Symbole,I,G,,,,,,,,
#Sterne funkeln immerfort,I,G,,,,,,,,
Sternenspur,II,G,,,,,,,,
Unverstellter Blick,III,G,,,,,,,,
Urischars ordnender Blick,III,G,,,,,,,,
Versiegeltes Wissen (Graues Siegel),III,P,,,,,,,,
Versiegeltes Wissen (Graues Siegel),IV,P,,,,,,,,
#IFIRN,,,,,,,,,,
#Gemeinschaft der treuen Gefährten II siehe Travia
Geteiltes Leid,II,P,,,,,,,,
Hilfe in der Not,II,G,,,,,,,,
Jagdglück,III,P+P,,,,,,,,
Sichere Wanderung im Schnee,II,P(G),,,,,,,,
Tierempathie,II,G+P,,,,,,,,
Trophäe erhalten,II,P,,,,,,,,
Weisung des Himmels,I,G,,,,,,,,
Winterschlaf,IV,P,,,,,,,,
Zuflucht finden,II,G,,,,,,,,
#SWAFNIR,,,,,,,,,,
Anrufung der Winde,II,Z+,,,,,,,,
Anrufung Nuiannas,III,ZZZ,,,,,,,,
Bootssegen,III,PP,,,,,,,,
Gesang der Delphine,III,P(G),,,,,,,,
Gesang der Wale,II,G,,,,,,,,
Gesegneter Fang,II,PP,,,,,,,,
Mannschaftssegen,III,PPP,,,,,,,,
Schiffssegen,IV,PP,,,,,,,,
Segen des Plättlings,II,P,,,,,,,,
#Sterne funkeln immerfort,I,G,,,,,,,,
Swafnirs Fluke,V,ZZZ,,,,,,,,
Swafnirs Ruhelied,I,P,,,,,,,,
Weisung des Himmels,I,G,,,,,,,,
#Angrosch,,,,,,,,,,
Allmacht der Lohe,II,P,,,,,,,,
Angroschs Opfergabe,II,P,,,,,,,,
Angroschs Zorn,III,Z,,,,,,,,
Blick für das Handwerk,II,P,,,,,,,,
Blick in die Flammen,III,G,,,,,,,,
Eherne Kraft - lodernder Zorn,VI,ZZZ,,,,,,,,
Erneuerung des Geborstenen,I,P,,,,,,,,
Feuertaufe,IV,P,,,,,,,,
Geläutert sei Erz und goldgestein,III,P,,,,,,,,
Goldener Blick,III,G(ZZ),,,,,,,,
Heilige Schmiedeglut,I,P,,,,,,,,
Herr über Feuer und Glut,IV,Z,,,,,,,,
Ingerimms Zorn verschone uns,V,ZZZZ+,,,,,,,,
Largorax' Hammer rufen,V,G,,,,,,,,
Licht des verborgenen Pfades,II,G,,,,,,,,
Sicherer Weg durch Fels,IV,G+PP,,,,,,,,
Vertrauter der Flamme,II,G,,,,,,,,
Vertrauter des Felsens,II,G,,,,,,,,
#GRAVESH,,,,,,,,,,
Allmacht der Lohe,II,P,,,,,,,,
Blick für ds Handwerk,II,P,,,,,,,,
Erneuerung des Geborstenen,I,P,,,,,,,,
Geläutert sei Erz und Goldgestein,III,P,,,,,,,,
Goldener Blick,III,G(ZZ),,,,,,,,
Heilige Schmiedeglut,I,P,,,,,,,,
Herr über Feuer und glut,IV,Z,,,,,,,,
Ingerimms Zorn verschone uns,V,ZZZZ+,,,,,,,,
Licht des verborgenen Pfades,II,G,,,,,,,,
Simias Kelch,II,Z,,,,,,,,
Vertrauer der Flamme,II,G,,,,,,,,
#H'SZINT,,,,,,,,,,
Argelions Mantel,III,G,,,,,,,,
Argelions Spiegel,IV,G,,,,,,,,
Bindung der Schlange,II,P,,,,,,,,
Blick der Weberin,III,P,,,,,,,,
Elementwandlung,II,P,,,,,,,,
Gift der Erkenntnis,II,G,,,,,,,,
#Purgation III siehe Praios 260,,,,,,,,,,
Schlangenstab,II,P,,,,,,,,
Schifttum ferner Lande,III,G,,,,,,,,
Schutz des Geleges,II,PP,,,,,,,,
#Sicht auf Madas Welt II siehe Hesinde
Unverstellter blick,III,G,,,,,,,,
Wunderbarer Geschlachterwandel,III,P(G),,,,,,,,
#ZASHH,,,,,,,,,,
Alte Schuppen,III,P,,,,,,,,
Eidechsenheut,III,P,,,,,,,,
Schutz des Geleges,II,PP,,,,,,,,
Tsas ewige Jugend,VI,P,,,,,,,,
Tsas Lebensschutz,IV,P,,,,,,,,
Tsas wundersame Erneuerung,V,P,,,,,,,,
Tsas wundersame Fruchtbarkeit,IV,P,,,,,,,,
Wunderbarer Geschlechterwandel,III,P(G),,,,,,,,
#RITUALE,,,,,,,,,,
#Bezeichnung	 Grad Ziel Rw RD Auswirkung WD Herkunft Seite,,,,,,,,,,
Arngrims Höhle,II,Z,B,KR,Der verzauberte Bereich wird zu einer Oase im Kalten Winter,St,"Niv, Ach (nur Orkland-Achaz), Gja, Gob ",,,
Aufmerksamer Wächter,II,P ,,,,,,,,
Blick in Liskas Auge,II,S ,,,,,,,,
Blick ins Geisterreich,I,S,,,,,,,,
Blutsbund,I,P+P ,,,,,,,,
Brazoragh Ghorkai,III,P(S) ,,,,,,,,
Ergochai Tairachi,IV,P,,,,,,,,
Exorzismus,II,P,,,,,,,,
Farben des Krieges,III,PPP ,,,,,,,,
Fluch der Verwirrung,III,P,,,,,,,,
Freie Seelenfahrt,III,S,,,,,,,,
Gaben der Erde,III,S,,,,,,,,
Geisterbote,II,P,,,,,,,,
Geisterkerker,II,P,,,,,,,,
Geistheilung,II,P,,,,,,,,
Geleit des Nipakau,I,P,,,,,,,,
Gesang der Wölfe,I,P,,,,,,,,
Gharyak Maruki,III,P,,,,,,,,
Hairuf,IV,PP,,,,,,,,
Hauch des (Elements),I,P,,,,,,,,
Heimführung der Herde,III,PPP ,,,,,,,,
Herz des Tieres,IV,PP,,,,,,,,
Hilferuf ,II,P,,,,,,,,
Jagdfieber ,I,P,,,,,,,,
Khurkachai Tairachi,III,PP ,,,,,,,,
Kraft der Tayas,III,PPP,,,,,,,,
Kraft des Tieres,II,S,,,,,,,,
M'char Utrak Rikaii,II,Z,,,,,,,,
Macht der Elemente,III,speziell,,,,,,,,
Macht des Blutes,II,P ,,,,,,,,
Mailam Rekdais Segen,IV,PPP,,,,,,,,
Mammutruf,IV,PP ,,,,,,,,
Ogerruf,IV,PP,,,,,,,,
Pfad der Blutrache,IV,P(S),,,,,,,,
Rat der Ahnen,I,P(S),,,,,,,,
Regentanz,IV,ZZZ,,,,,,,,
Reinigen des Wassers,II,P,,,,,,,,
Reißgrams Fährte,II,P(S),,,,,,,,
Reitender Geist,III,P oder P+P,,,,,,,,
Rikais Verderben,IV,Z,,,,,,,,
Rinderruf,UUU,PP,,,,,,,,
Ruf des Schamanen,III,PPP,,,,,,,,
Schlangenfluch,IV,P,,,,,,,,
Schlangengeist,III,S,,,,,,,,
Schlingerruf,IV,PP,,,,,,,,
Schemas Kraft,II,S oder P,,,,,,,,
Schutz der Jurte,II,Z,,,,,,,,
Schützende Rotte,II,P,,,,,,,,
Seeschlangenruf,V,PP,,,,,,,,
Stimme des Nipakau,II,P,,,,,,,,
Tabuzone,II,Z,,,,,,,,
Tauschplatz,III,PP,,,,,,,,
Tiere aus Farben,IV,P,,,,,,,,
Tränke meine Herde,II,S,,,,,,,,
Weckruf,I,PP,,,,,,,,
Weg des Windes,II,S,,,,,,,,
Wegzeichen,I,P,,,,,,,,
Weidegründe finden,II,S,,,,,,,,
Wild finden,III,S,,,,,,,,
Wildschweinruf,II,PP,,,,,,,,
Wolfsfluch,IV,P,,,,,,,,
Wolfsruf,II,PP,,,,,,,,
Zeichen setzen,II,speziell,,,,,,,,
Zorn des Berglöwen,II,S,,,,,,,,
#Zaubertänze
#Bezeichnung, Grad ,Ziel ,Rw ,RD ,Auswirkung,WD ,Herkunft ,Seite,Probe,Merkmale
El Vanidad (Tanz der Bilder),,,,,,," Haz7, Maj7, Nov6, Tul6",WdZ143, CH/CH/GE, Illusion
Firuns Jagd,,,,,,, Maj5, WdZ142, CH/GE/KO, Eigenschaft
Heschinjas Blick (Tanz der Wahrheit),,,,,,," Nov4, Tul4"," WdZ144, WdZ144", IN/IN/CH, Hellsicht
Hesindes Macht (Tanz der Erlösung),,,,,,," Haz6, Nov5, Tul5, Maj4", WdZ143, MU/CH/CH," Antimagie, Einfluss, Herrschaft"
Khablas Verlockung (Tanz der Liebe),,,,,,," Tul6, Haz5, Nov5", WdZ144, IN/CH/GE," Einfluss, Verständigung"
Madayana,,,,,,," Haz3, Maj1", WdZ142, MU/CH/CH, Verständigung
Marhibos Hand (Tanz der Erlösung),,,,,,," Haz6, Nov5, Tul5, Maj4", WdZ143, MU/CH/CH," Antimagie, Einfluss, Herrschaft"
Nahemas Traum (Tanz ohne Ende),,,,,,," Haz4, Maj3, Tul3, Nov2", WdZ145, MU/IN/CH, Herrschaft
Orhimas Tanz (Tanz der Weisheit),,,,,,, Nov6," WdZ145, WdZ145", KL/KL/CH," Eigenschaft, Hellsicht"
Pavonearse (Tanz der Ermutigung),,,,,,," Maj7, Nov7, Tul7, Haz6", WdZ143, MU/MU/CH," Eigenschaft, Einfluss"
Peraines Liebe (Tanz der Freude),,,,,,," Nov6, Tul 6, Maj3", WdZ144, IN/CH/GE," Heilung, Einfluss"
Perhinas Segen (Tanz der Freude),,,,,,," Nov6, Tul 6, Maj3", WdZ144, IN/CH/GE," Heilung, Einfluss"
Phexens Geschmeide (Tanz der Bilder),,,,,,," Haz7, Maj7, Nov6, Tul6", WdZ143, CH/CH/GE, Illusion
Rahjarra (Tanz der Liebe),,,,,,," Tul6, Haz5, Nov5", WdZ144, IN/CH/GE," Einfluss, Verständigung"
Rahjas Begehren,,,,,,, Maj5, WdZ143, MU/CH/CH," Eigenschaft, Einfluss"
Rhondaras Forderung (Tanz der Ermutigung),,,,,,," Maj7, Nov7, Tul7, Haz6", WdZ143, MU/MU/CH," Eigenschaft, Einfluss"
Rondras Mut (Tanz der Ermutigung),,,,,,," Maj7, Nov7, Tul7, Haz6", WdZ143, MU/MU/CH," Eigenschaft, Einfluss"
Satinavs Gabe (Tanz ohne Ende),,,,,,," Haz4, Maj3, Tul3, Nov2", WdZ145, MU/IN/CH, Herrschaft
Selinata,,,,,,, Haz4, WdZ143, MU/IN/CH, Einfluss
Shimijas Rausch (Tanz der Bilder),,,,,,," Haz7, Maj7, Nov6, Tul6", WdZ143, CH/CH/GE, Illusion
Suenyo (Tanz ohne Ende),,,,,,," Haz4, Maj3, Tul3, Nov2", WdZ145, MU/IN/CH, Herrschaft
Tanz der Bilder,,,,,,," Haz7, Maj7, Nov6, Tul6", WdZ143, CH/CH/GE, Illusion
Tanz der Erlösung,,,,,,," Haz6, Nov5, Tul5, Maj4", WdZ143, MU/CH/CH," Antimagie, Einfluss, Herrschaft"
Tanz der Ermutigung,,,,,,," Maj7, Nov7, Tul7, Haz6", WdZ143, MU/MU/CH," Eigenschaft, Einfluss"
Tanz der Freude,,,,,,," Nov6, Tul 6, Maj3", WdZ144, IN/CH/GE," Heilung, Einfluss"
Tanz der Gemeinschaft,,,,,,, Tul2, WdZ144, KL/IN/CH, Verständigung
Tanz der Liebe,,,,,,," Tul6,  Haz5, Nov5", WdZ144, IN/CH/GE," Einfluss, Verständigung"
Tanz der Wahrheit,,,,,,," Nov4, Tul4", WdZ144, IN/IN/CH, Hellsicht
Tanz der Weisheit,,,,,,, Nov6, WdZ145, KL/KL/CH," Eigenschaft, Hellsicht"
Tanz des Ungehorsams,,,,,,, Tul4, WdZ145, MU/IN/CH, Eigenschaft
Tanz für Rastullah (Tanz der Unantastbarkeit),,,,,,, Nov4, WdZ144, MU/KK/KO,
Tanz ohne Ende,,,,,,," Haz4, Maj3, Tul3, Nov2", WdZ145, MU/IN/CH, Herrschaft
Zarpada (Tanz der Erlösung),,,,,,," Haz6, Nov5, Tul5, Maj4", WdZ143, MU/CH/CH," Antimagie, Einfluss, Herrschaft"